TC_1001,4
TF_9000,4
TF_9001,4
TF_9002,4
TF_9003,4
TF_9004,4
TF_9005,4
TF_9006,4
TF_9007,4
TF_9008,4
TF_9009,4
TF_9010,4
TF_9011,4
TF_9012,4
TF_9013,4
TF_9014,4
TF_9015,4
TF_9016,4
TF_9017,4
TF_9018,4
TF_9019,4
TF_9020,4
TF_9021,4
TF_9022,4
TF_9023,4
TF_9024,4
TF_9025,4
TF_9026,4
TF_9027,4
TF_9028,4
TF_9029,4
TF_9030,4
TF_9031,4
TF_9032,4
TF_9033,4
TF_9034,4
TF_9035,4
TF_9036,4
TF_9037,4
TF_9038,4
TF_9039,4
TF_9040,4
TF_9041,4
TF_9042,4
TF_9043,4
TF_9044,4
TF_9045,4
TF_9046,4
TF_9047,4
TF_9048,4
